[{"id":"user-image-qeVfUUV3WhiAmUGrdQxK--1--4g5lr.jpg","publicUrl":"np://user.desktop.nicepage.com/Site_35154102/images/qeVfUUV3WhiAmUGrdQxK--1--4g5lr.jpg","size":177835,"hash":"iUgOSd60ek5xKfI/0vd9XhufHio=","fileName":"qeVfUUV3WhiAmUGrdQxK--1--4g5lr.jpg","name":"qeVfUUV3WhiAmUGrdQxK--1--4g5lr","width":1024,"height":1024,"thumbnail":{"url":"np://user.desktop.nicepage.com/Site_35154102/images/thumbnails/qeVfUUV3WhiAmUGrdQxK--1--4g5lr.jpg","width":250,"height":250},"folderId":null,"usages":["740304774"]},{"id":"user-image-Matej_Jobs.jpg","publicUrl":"np://user.desktop.nicepage.com/Site_35154102/images/Matej_Jobs.jpg","size":646091,"fileName":"Matej_Jobs.jpg","name":"Matej_Jobs","width":1247,"height":1667,"thumbnail":{"url":"np://user.desktop.nicepage.com/Site_35154102/images/thumbnails/Matej_Jobs.jpg","width":187,"height":250},"usages":[]},{"id":"user-image-syxra.png","publicUrl":"np://user.desktop.nicepage.com/Site_35154102/images/syxra.png","size":13628,"fileName":"syxra.png","name":"syxra","width":145,"height":44,"thumbnail":{"url":"np://user.desktop.nicepage.com/Site_35154102/images/thumbnails/syxra.png","width":145,"height":44,"length":13628},"usages":[]}]