[{"id":19556655,"title":"Blog Template","order":1,"templateKey":"blog","customTemplate":false,"customTemplateFilename":null,"pageLinks":[],"dateCreated":"2021-10-24T12:13:43.795Z","dateUpdated":"2021-10-24T12:13:43.821Z","folderId":null,"pageName":"Blog Template","serverPageId":null,"status":2,"backwardUrl":null},{"id":148344691,"title":"Post Template","order":2,"templateKey":"post","customTemplate":false,"customTemplateFilename":null,"pageLinks":[],"dateCreated":"2021-10-24T12:13:43.666Z","dateUpdated":"2021-10-24T12:13:43.874Z","folderId":null,"pageName":"Post Template","serverPageId":null,"status":2,"backwardUrl":null},{"id":1654028545,"title":"Product List Template","order":3,"templateKey":"products","customTemplate":false,"customTemplateFilename":null,"pageLinks":[],"dateCreated":"2021-10-24T12:13:43.667Z","dateUpdated":"2021-10-24T12:13:43.886Z","folderId":null,"pageName":"Product List Template","serverPageId":null,"status":2,"backwardUrl":null},{"id":78568890,"title":"Product Details Template","order":4,"templateKey":"product","customTemplate":false,"customTemplateFilename":null,"pageLinks":[],"dateCreated":"2021-10-24T12:13:43.684Z","dateUpdated":"2021-10-24T12:13:43.880Z","folderId":null,"pageName":"Product Details Template","serverPageId":null,"status":2,"backwardUrl":null},{"id":48729849,"title":"Shopping Cart Template","order":5,"templateKey":"cart","customTemplate":false,"customTemplateFilename":null,"pageLinks":[],"dateCreated":"2021-10-24T12:13:43.686Z","dateUpdated":"2021-10-24T12:13:43.893Z","folderId":null,"pageName":"Shopping Cart Template","serverPageId":null,"status":2,"backwardUrl":null},{"id":48546834,"title":"Checkout Template","order":6,"templateKey":"checkout","customTemplate":false,"customTemplateFilename":null,"pageLinks":[],"dateCreated":"2023-10-11T12:59:55.769Z","dateUpdated":"2023-10-11T12:59:56.126Z","folderId":null,"pageName":"Checkout Template","serverPageId":null,"status":2,"backwardUrl":null},{"id":76622898,"title":"Login Template","order":7,"templateKey":"login","customTemplate":false,"customTemplateFilename":null,"pageLinks":[],"dateCreated":"2021-10-24T12:13:43.728Z","dateUpdated":"2021-10-24T12:13:43.911Z","folderId":null,"pageName":"Login Template","serverPageId":null,"status":2,"backwardUrl":null},{"id":252807308,"title":"Page Password Template","order":8,"templateKey":"password","customTemplate":false,"customTemplateFilename":null,"pageLinks":[],"dateCreated":"2023-10-11T12:59:55.943Z","dateUpdated":"2023-10-11T12:59:56.126Z","folderId":null,"pageName":"Page Password Template","serverPageId":null,"status":2,"backwardUrl":null},{"id":857220553,"title":"404 Not Found Template","order":9,"templateKey":"404","customTemplate":false,"customTemplateFilename":null,"pageLinks":[],"dateCreated":"2021-10-24T12:13:43.729Z","dateUpdated":"2021-10-24T12:13:43.906Z","folderId":null,"pageName":"404 Not Found Template","serverPageId":null,"status":2,"backwardUrl":null},{"id":10284385,"title":"Thank You Page Template","order":10,"templateKey":"ThankYou","customTemplate":false,"customTemplateFilename":null,"pageLinks":[],"dateCreated":"2023-10-11T12:59:56.051Z","dateUpdated":"2023-10-11T12:59:56.126Z","folderId":null,"pageName":"Thank You Page Template","serverPageId":null,"status":2,"backwardUrl":null},{"id":740304774,"title":"Domů","order":50,"templateKey":null,"customTemplate":false,"customTemplateFilename":null,"pageLinks":[],"dateCreated":"2021-10-24T12:20:26.280Z","dateUpdated":"2023-10-11T14:13:48.679Z","folderId":null,"pageName":"Domů_740304774","serverPageId":null,"status":2,"backwardUrl":null},{"id":99212637,"title":"Kdo jsem","order":100,"templateKey":null,"customTemplate":false,"customTemplateFilename":null,"pageLinks":[],"dateCreated":"2021-10-24T12:23:31.906Z","dateUpdated":"2021-10-24T12:23:31.934Z","folderId":null,"pageName":"Kdo jsem_99212637","serverPageId":null,"status":2,"backwardUrl":null},{"id":1615322567,"title":"Kontakt","order":101,"templateKey":null,"customTemplate":false,"customTemplateFilename":null,"pageLinks":[],"dateCreated":"2021-10-24T12:24:57.629Z","dateUpdated":"2023-10-11T13:00:43.449Z","folderId":null,"pageName":"Kontakt_1615322567","serverPageId":null,"status":2,"backwardUrl":null}]